{"stat.useItem.minecraft.command_block":10,"stat.walkOneCm":14849,"stat.useItem.minecraft.lever":6,"achievement.openInventory":19,"stat.useItem.minecraft.stone":95,"stat.leaveGame":7,"stat.flyOneCm":101235,"stat.deaths":2,"stat.useItem.minecraft.bedrock":26,"stat.jump":23,"stat.playOneMinute":46038,"stat.climbOneCm":950,"stat.useItem.minecraft.redstone":1,"stat.useItem.minecraft.ladder":45,"stat.crouchOneCm":1196,"stat.timeSinceDeath":41295,"stat.useItem.minecraft.sign":13,"achievement.exploreAllBiomes":{"value":0,"progress":["ForestHills","Forest","River","Plains","Desert"]},"stat.useItem.minecraft.fence":26}